/*PRODUCT_CATEGORY*/
INSERT INTO PRODUCT_CATEGORY (ID, NAME, DESCRIPTION) VALUES (1,'BAUTURI', 'test description for BAUTURI');
INSERT INTO PRODUCT_CATEGORY (ID, NAME, DESCRIPTION) VALUES (2,'MEZELURI', 'test description for MEZELURI');
INSERT INTO PRODUCT_CATEGORY (ID, NAME, DESCRIPTION) VALUES (3,'BRANZETURI', 'test description for BRANZETURI');

/*SUPPLIER*/
INSERT INTO SUPPLIER (ID, NAME) VALUES (1,'PEPSICO');
INSERT INTO SUPPLIER (ID, NAME) VALUES (2,'DELACO');
INSERT INTO SUPPLIER (ID, NAME) VALUES (3,'SALCONSERV');

/*CUSTOMER*/
INSERT INTO CUSTOMER (ID, FIRST_NAME,LAST_NAME,USER_NAME) VALUES (1, 'Radu','Vancea','r.vancea');
INSERT INTO CUSTOMER (ID, FIRST_NAME,LAST_NAME,USER_NAME) VALUES (2, 'Ovidiu','Fl','o.fl');
INSERT INTO CUSTOMER (ID, FIRST_NAME,LAST_NAME,USER_NAME) VALUES (3, 'Florin','Salam','f.salam');

/*PRODUCT*/
INSERT INTO PRODUCT (ID, DESCRIPTION, NAME,PRICE, WEIGHT,PRODUCT_CATEGORY, SUPPLIER) VALUES (1, 'Bax de 6 bucati','Cola',2.55, 500, 1,1);
INSERT INTO PRODUCT (ID, DESCRIPTION, NAME,PRICE, WEIGHT,PRODUCT_CATEGORY, SUPPLIER) VALUES (2, 'Descriere Salam Sibiu','Salam Sibiu',10.55, 450, 2,3);
INSERT INTO PRODUCT (ID, DESCRIPTION, NAME,PRICE, WEIGHT,PRODUCT_CATEGORY, SUPPLIER) VALUES (3, 'Descriere Salam Salconserv','Salam Salconserv',8.55, 450, 2,3);
INSERT INTO PRODUCT (ID, DESCRIPTION, NAME,PRICE, WEIGHT,PRODUCT_CATEGORY, SUPPLIER) VALUES (4, 'Descriere Pateu Sibiu','Pateu Sibiu',3.55, 150, 2,3);
INSERT INTO PRODUCT (ID, DESCRIPTION, NAME,PRICE, WEIGHT,PRODUCT_CATEGORY, SUPPLIER) VALUES (5, 'Descriere Lebar','Lebar',4.55, 450, 2,3);


/*LOCATION*/
INSERT INTO LOCATION (ID, CITY, COUNTRY, COUNTY, STREET_ADDRESS, NAME) VALUES (1, 'Cluj Napoca', 'Romania','Cluj', 'Ion Pop nr.1', 'Distribution Systems 1');
INSERT INTO LOCATION (ID, CITY, COUNTRY, COUNTY, STREET_ADDRESS, NAME) VALUES (2, 'Cluj Napoca', 'Romania','Cluj', 'Pop nr.2', 'Distribution Systems 2');
INSERT INTO LOCATION (ID, CITY, COUNTRY, COUNTY, STREET_ADDRESS, NAME) VALUES (3, 'Cluj Napoca', 'Romania','Cluj', 'Rebreanu nr.3', 'Distribution Systems 3');

/*ORDER*/
INSERT INTO SHOP_ORDER (ID, CITY, COUNTRY, COUNTY, STREET_ADDRESS, CUSTOMER, SHIPPED_FROM_LOCATION, DATE_OF_ORDER) VALUES (1, 'Cluj Napoca', 'Romania','Cluj', 'Order nr.1', 1, 1, CURRENT_TIMESTAMP);
INSERT INTO SHOP_ORDER (ID, CITY, COUNTRY, COUNTY, STREET_ADDRESS, CUSTOMER, SHIPPED_FROM_LOCATION, DATE_OF_ORDER) VALUES (2, 'Cluj Napoca', 'Romania','Cluj', 'Order nr.2', 2, 2, CURRENT_TIMESTAMP);
INSERT INTO SHOP_ORDER (ID, CITY, COUNTRY, COUNTY, STREET_ADDRESS, CUSTOMER, SHIPPED_FROM_LOCATION, DATE_OF_ORDER) VALUES (3, 'Cluj Napoca', 'Romania','Cluj', 'Order nr.3', 3, 3, CURRENT_TIMESTAMP);

/*ORDER_DETAIL*/
INSERT INTO ORDER_DETAIL (SHOP_ORDER, PRODUCT, ORDER_QUANTITY ) VALUES (1, 1,5);
INSERT INTO ORDER_DETAIL (SHOP_ORDER, PRODUCT, ORDER_QUANTITY ) VALUES (1, 2,3);
INSERT INTO ORDER_DETAIL (SHOP_ORDER, PRODUCT, ORDER_QUANTITY ) VALUES (2, 3,2);
INSERT INTO ORDER_DETAIL (SHOP_ORDER, PRODUCT, ORDER_QUANTITY ) VALUES (2, 1,1);
INSERT INTO ORDER_DETAIL (SHOP_ORDER, PRODUCT, ORDER_QUANTITY ) VALUES (3, 1,6);
INSERT INTO ORDER_DETAIL (SHOP_ORDER, PRODUCT, ORDER_QUANTITY ) VALUES (3, 2,8);


/*STOCK*/
INSERT INTO STOCK (PRODUCT, LOCATION, QUANTITY ) VALUES (1,1,100);
INSERT INTO STOCK (PRODUCT, LOCATION, QUANTITY ) VALUES (1,2,100);
INSERT INTO STOCK (PRODUCT, LOCATION, QUANTITY ) VALUES (1,3,100);
INSERT INTO STOCK (PRODUCT, LOCATION, QUANTITY ) VALUES (2,1,100);
INSERT INTO STOCK (PRODUCT, LOCATION, QUANTITY ) VALUES (2,2,100);
INSERT INTO STOCK (PRODUCT, LOCATION, QUANTITY ) VALUES (2,3,100);
INSERT INTO STOCK (PRODUCT, LOCATION, QUANTITY ) VALUES (3,1,100);
INSERT INTO STOCK (PRODUCT, LOCATION, QUANTITY ) VALUES (3,2,100);
INSERT INTO STOCK (PRODUCT, LOCATION, QUANTITY ) VALUES (3,3,100);
INSERT INTO STOCK (PRODUCT, LOCATION, QUANTITY ) VALUES (4,1,20);
INSERT INTO STOCK (PRODUCT, LOCATION, QUANTITY ) VALUES (5,1,20);
INSERT INTO STOCK (PRODUCT, LOCATION, QUANTITY ) VALUES (4,2,100);
INSERT INTO STOCK (PRODUCT, LOCATION, QUANTITY ) VALUES (5,2,100);

/*USER*/
INSERT INTO USER (USER_ID, USERNAME, PASSWORD,EMAIL,ENABLED ) VALUES (1,'test1','$2a$10$JH00d7WGlsY34Sh6pm5cpuQaDLFrYKWqbJWvvoad5V7YEU5ocvtHC', 'test1@yahoo.com', TRUE);
INSERT INTO USER (USER_ID, USERNAME, PASSWORD,EMAIL,ENABLED ) VALUES (2,'test2','$2a$10$JH00d7WGlsY34Sh6pm5cpuQaDLFrYKWqbJWvvoad5V7YEU5ocvtHC', 'test2@yahoo.com', TRUE);

/*USER_ROLE*/
INSERT INTO USER_ROLE (USER_ROLE_ID, USER, ROLE) VALUES (1,1,'CUSTOMER');
INSERT INTO USER_ROLE (USER_ROLE_ID, USER, ROLE) VALUES (2,2,'CUSTOMER');

